<?xml version="1.0" encoding="UTF-8" standalone="no"?>
<!DOCTYPE properties SYSTEM "http://java.sun.com/dtd/properties.dtd">
<properties>

	<comment>일반게시판 관련 쿼리문들</comment>
	
	<entry key="selectListCount">
		SELECT COUNT(*) COUNT
		  FROM BOARD
		 WHERE STATUS = 'Y'
		   AND BOARD_TYPE = 1
	</entry>
	
	<entry key="selectList">
		SELECT *
  		FROM (SELECT ROWNUM RNUM, A.*
          FROM (SELECT BOARD_NO, CATEGORY_NAME, BOARD_TITLE, USER_ID, COUNT, CREATE_DATE
                  FROM BOARD B
                  JOIN CATEGORY USING(CATEGORY_NO)
                  JOIN MEMBER ON (BOARD_WRITER = USER_NO)
                 WHERE BOARD_TYPE = 1
                   AND B.STATUS = 'Y'
                  ORDER BY CREATE_DATE DESC) A)       
  		WHERE RNUM BETWEEN ? AND ?			
	</entry>
	
	<entry key="selectCategoryList">
		SELECT CATEGORY_NO, CATEGORY_NAME
		  FROM CATEGORY
	
	</entry>
	
	<entry key="insertBoard">
		INSERT INTO BOARD(BOARD_NO, BOARD_TYPE, CATEGORY_NO, BOARD_TITLE, BOARD_CONTENT, BOARD_WRITER)
		VALUES(SEQ_BNO.NEXTVAL, 1, ?, ?, ?, ?)
	</entry>
	
	<entry key="insertAttachment">
		INSERT INTO ATTACHMENT (FILE_NO, REF_BNO, ORIGIN_NAME, CHANGE_NAME, FILE_PATH)
		VALUES(SEQ_FNO.NEXTVAL, SEQ_BNO.CURRVAL, ?, ?, ?)
	</entry>

	<entry key="increaseCount">
		UPDATE BOARD
		   SET COUNT = COUNT + 1
		 WHERE BOARD_NO = ?
		   AND STATUS = 'Y'
	</entry>
	
	<entry key="selectBoard">
		SELECT BOARD_NO, CATEGORY_NAME, BOARD_TITLE, BOARD_CONTENT, USER_ID, CREATE_DATE
		  FROM BOARD B
		  JOIN CATEGORY USING(CATEGORY_NO)
		  JOIN MEMBER ON(BOARD_WRITER = USER_NO)
		 WHERE BOARD_NO = ?
		   AND B.STATUS = 'Y'
	</entry>
	
	<entry key="selectAttachment">
		SELECT FILE_NO, ORIGIN_NAME, CHANGE_NAME, FILE_PATH
		  FROM ATTACHMENT
		 WHERE REF_BNO = ?
	</entry>











</properties>